time,x,x_dot,input
0,2.4,0.7,5
0.1,2.42614905475803,-0.17217000508154,5.27577192265502
0.2,2.3687730352804,-0.949239734230555,5.54218099009004
0.3,2.2431313254874,-1.52304989276426,5.79788277865373
0.4,2.07273935040768,-1.84131905500808,6.04155901113459
0.5,1.88327174593009,-1.90851698732329,6.27192411902801
0.6,1.69800382520711,-1.76628595030144,6.48773168649843
0.7,1.53518060545198,-1.46953591138058,6.68778074423849
0.8,1.40739769350046,-1.07151957846873,6.87092188209574
0.9,1.3227941241367,-0.614773429266486,7.03606315015875
1,1.28524440699837,-0.134451541241164,7.18217571896519
1.1,1.29556604877535,0.342515448067761,7.30829927060924
1.2,1.3525915849387,0.790333803241564,7.41354709377986
1.3,1.45204486904459,1.18297207514245,7.49711085714805
1.4,1.58674769186412,1.49357278391803,7.55826503703496
1.5,1.74696097090717,1.6882933506854,7.59637097692446
1.6,1.91938445236147,1.73379462548351,7.61088055812748
1.7,2.08828523600498,1.60346832850971,7.60133946275131
1.8,2.23493896623169,1.29180739078868,7.56739001206654
1.9,2.34124705836366,0.823486872639585,7.5087735653887
2,2.39512230997167,0.24867272654743,7.42533246668967
2.1,2.39001286323687,-0.347799058236231,7.31701152831686
2.2,2.32791684016665,-0.874082443641925,7.18385904341482
2.3,2.21970063248595,-1.26385657681609,7.02602732090287
2.4,2.08083232439715,-1.48449502133072,6.84377273915459
2.5,1.92825890641595,-1.54074408994141,6.63745531683645
2.6,1.77727918770092,-1.45934192043451,6.40753780168572
2.7,1.63969055716133,-1.27882638895596,6.15458428032722
2.8,1.52348775181432,-1.03713215950946,5.87925831453623
2.9,1.43322280873472,-0.767126423901967,5.5823206116376
3,1.37015098286604,-0.4957525071477,5.26462623897886
3.1,1.33341636609876,-0.242864508628866,4.92712139461631
3.2,1.32044587340595,-0.0238607454632673,4.57083974849746
3.3,1.32720771149325,0.150298722617351,4.19689837049975
3.4,1.34876602217978,0.271316781481949,3.80649326368484
3.5,1.37949563584069,0.333682243398602,3.40089452303922
3.6,1.41347349801088,0.334919683356034,2.98144114178705
3.7,1.44457504484201,0.276001542674914,2.54953548907065
3.8,1.46683382857768,0.161661838253642,2.10663748438928
3.9,1.47520826454851,-0.000407943445319157,1.65425849566101
4,1.46555722300157,-0.199255977220741,1.19395498911718
4.1,1.4347229657519,-0.420992944791707,0.72732196044816
4.2,1.380966718649,-0.653124924226993,0.255986177687725
4.3,1.30395942242777,-0.885302625957166,-0.218400732756081
4.4,1.2041211666954,-1.10983580718163,-0.694169324744749
4.5,1.08239558628688,-1.32355703370081,-1.16963946293403
4.6,0.939759562340015,-1.52738146160782,-1.64312751192836
4.7,0.777112113180415,-1.72576080985894,-2.11295355051644
4.8,0.594610655269198,-1.9261060459076,-2.57744857730401
4.9,0.39149854502343,-2.13706270569277,-3.03496167408662
5,0.166511763249479,-2.36463744257098,-3.48386709349419
5.1,-0.0821083127496121,-2.61202696598742,-3.92257123778955
5.2,-0.356320482248715,-2.87818543671136,-4.34951949621317
5.3,-0.657731955699797,-3.15055465553481,-4.76320290893361
5.4,-0.985850358376289,-3.399229684772,-5.16216462648412
5.5,-1.33525147108033,-3.57032912306756,-5.5450061345374
5.6,-1.69578938283076,-3.59040384625894,-5.91039321498662
5.7,-2.04569316057067,-3.35454315982797,-6.2570616155574
5.8,-2.35472189895527,-2.78410807190694,-6.58382240156535
5.9,-2.58998086094716,-1.86862786695739,-6.88956696495098
6,-2.71984799470228,-0.696638733450584,-7.17327166736058
6.1,-2.72764476894152,0.524074596645321,-7.43400209579009
6.2,-2.6210398888205,1.56231977258567,-7.67091691116063
6.3,-2.42710715085964,2.24741289159487,-7.88327127214032
6.4,-2.18490325701216,2.53105145898959,-8.07041981855773
6.5,-1.93281627335385,2.45906827621113,-8.23181920085768
6.6,-1.7017577089566,2.1258503788462,-8.36703014422039
6.7,-1.51322887620606,1.62480592922901,-8.47571903818944
6.8,-1.37964689985526,1.03410910309305,-8.55765904492145
6.9,-1.30734825851556,0.40779173632961,-8.61273072147041
7,-1.29796352953006,-0.211996660337357,-8.64092215384062
7.1,-1.34862870464787,-0.792156678478192,-8.6423286028732
7.2,-1.45402340077886,-1.30122756430828,-8.61715166436031
7.3,-1.60531543364324,-1.70264697056095,-8.56569794809828
7.4,-1.78985034273549,-1.95636578260748,-8.48837728288297
7.5,-1.99040534079841,-2.01637575863341,-8.38570045670859
7.6,-2.18527887708394,-1.8456800781977,-8.25827650364229
7.7,-2.35131511148028,-1.43404673826903,-8.10680955100134
7.8,-2.46545936658802,-0.817525911100753,-7.93209524254727
7.9,-2.51073293553049,-0.0834548583596155,-7.73501675542059
8,-2.48201740362871,0.65069374038589,-7.51654043046305
8.1,-2.38477999190815,1.26489407297242,-7.27771103740002
8.2,-2.23541651985904,1.68343942633154,-7.01964669807708
8.3,-2.05530908195544,1.88326582569085,-6.74353349255179
8.4,-1.86535654740154,1.88625482871996,-6.45061977432786
8.5,-1.68303267845502,1.7391323211705,-6.14221022237627
8.6,-1.52084690717403,1.49289081944745,-5.81965965881021
8.7,-1.3861733344666,1.19388878039023,-5.48436666216219
8.8,-1.28257526825775,0.876737880040529,-5.13776700714682
8.9,-1.21059861945126,0.56762800842132,-4.78132696257715
9,-1.16827626836733,0.284507117753938,-4.41653647973334
9.1,-1.15240951897868,0.0394721698906221,-4.04490230395437
9.2,-1.15876924405258,-0.158533823161433,-3.66794104253766
9.3,-1.18236692652455,-0.303642911485131,-3.28717222218326
9.4,-1.21770681317918,-0.392328735355929,-2.90411136921008
9.5,-1.25895202009611,-0.422675125128461,-2.52026314560088
9.6,-1.30026258531816,-0.395180959766664,-2.13711457360119
9.7,-1.33612364718471,-0.312604227300192,-1.75612838110713
9.8,-1.3612792421142,-0.181451532141964,-1.37873649943034
9.9,-1.37114969806076,-0.011270360278601,-1.00633374422879
10,-1.36246192963028,0.187183412570094,-0.640271709442903
10.1,-1.33310927307489,0.401807808336963,-0.281852902983669
10.2,-1.2820373881322,0.620076166598681,0.0676748483130636
10.3,-1.20931372752005,0.83218325046017,0.407123698316843
10.4,-1.11596732999182,1.0315494831857,0.735370761159186
10.5,-1.00348980888206,1.21502625060968,1.05136274766803
10.6,-0.873483492682095,1.38323089635675,1.35412023735222
10.7,-0.727295210315591,1.53898762499976,1.64274156643081
10.8,-0.565953908629307,1.68704494273526,1.91640631431827
10.9,-0.39017568123327,1.83245507561247,2.17437837297613
11,-0.199520325153677,1.98129366995307,2.4160085856159
11.1,0.00653118422461019,2.13635162469776,2.64073694337541
11.2,0.228241969004846,2.29575276271438,2.84809433078161
11.3,0.465619248778429,2.45295383079796,3.03770381304646
11.4,0.718275779801133,2.59727194813634,3.20928146050702
11.5,0.983877125083962,2.70484808865727,3.36263670780633
11.6,1.25668538415757,2.73601506918805,3.4976722477061
11.7,1.52714843753338,2.65161821482253,3.61438346171426
11.8,1.78187250758719,2.41390783205661,3.71285739198964
11.9,2.00374981629946,1.9881050125289,3.79327126124023
12,2.17344603385539,1.3751791525483,3.85589054955036
12.1,2.27410860252295,0.625988904244612,3.9010666392446
12.2,2.29699068982271,-0.169947620229913,3.92923404101116
12.3,2.24244791939402,-0.900455044160679,3.94090721655563
12.4,2.12193978555994,-1.47584360605148,3.93667701502596
12.5,1.95402837375344,-1.84734682669007,3.9172067423329
12.6,1.75938062323248,-2.0129126667217,3.88322788427689
12.7,1.55724249040404,-2.0040750570478,3.83553550607395
12.8,1.36292825399515,-1.86481327157292,3.77498335244196
12.9,1.1871064549616,-1.64054340448748,3.70247867385573
13,1.03643222280991,-1.36666795951823,3.61897680589929
13.1,0.914518494656202,-1.07031645092155,3.52547552982834
13.2,0.822498457362391,-0.770190626956847,3.42300924350112
13.3,0.760099365880612,-0.477673116408737,3.31264297273538
13.4,0.726218203685964,-0.201093573512524,3.19546625389899
13.5,0.719078024713834,0.0533903019954323,3.07258691913854
13.6,0.736227953359902,0.28179276487772,2.94512481609097
13.7,0.774709106755638,0.481727675716935,2.81420549420534
13.8,0.831636318363326,0.64954797450826,2.6809538899249
13.9,0.903539875596287,0.781783426686668,2.5464880429423
14,0.986640845927298,0.874674342064727,2.41191287554354
14.1,1.07689065091213,0.924062743910376,2.27831406670057
14.2,1.1702126487405,0.9256062473993,2.14675205205947
14.3,1.26132326345894,0.877845863157762,2.01825618030375
14.4,1.34476369293608,0.781997720088015,1.8938190555544
14.5,1.41585977551895,0.64108889114084,1.77439109450261
14.6,1.47072199003294,0.459957393315552,1.66087532586407
14.7,1.50616405272071,0.246127394171754,1.55412245849967
14.8,1.51941162491038,0.0164918244177582,1.45492624317288
14.9,1.50953148884435,-0.211962361112864,1.36401915141623
15,1.47747380194139,-0.424418590547165,1.28206839336515
15.1,1.42555548146946,-0.608393279867257,1.20967229469478
15.2,1.35706135903935,-0.755252481680008,1.14735705097368
15.3,1.27587588608858,-0.861134862516906,1.09557387583561
15.4,1.18615112864793,-0.926486480382234,1.05469655737671
15.5,1.0918187067438,-0.954318521242978,1.02501943512068
15.6,0.996396938340991,-0.949339875134414,1.00675580776809
15.7,0.902859878069957,-0.917439431816297,1.00003677976966
15.8,0.813622694647908,-0.863965638969804,1.00491055254687
15.9,0.730612810201114,-0.793492046041398,1.02134216393814
16,0.655355242929008,-0.709914129835359,1.04921367718569
16.1,0.58897894736383,-0.616390737952578,1.08832481850942
16.2,0.532329769220687,-0.515126234831182,1.13839406004868
16.3,0.486122800215211,-0.407394684329715,1.19906014270487
16.4,0.450972981315971,-0.29420760833404,1.26988403119552
16.5,0.427406371944296,-0.176388604783762,1.35035129144718
16.6,0.415860149974274,-0.054573347672223,1.43987487831939
16.7,0.416682611732759,0.0707904129534771,1.53779831957682
16.8,0.430085697110289,0.199354962697196,1.64339928002068
16.9,0.456371996325141,0.33063871603017,1.7558934877643
17,0.495988641767821,0.463849325654754,1.87443900280098
17.1,0.54911182096368,0.597547649740828,1.9981408062732
17.2,0.615634279520234,0.729636410538281,2.12605568722014
17.3,0.695165321127184,0.857360194377048,2.25719740206398
17.4,0.787030807556394,0.977305451667078,2.39054208070014
17.5,0.89028615471024,1.08547950570195,2.52503385179201
17.6,1.0034553283083,1.17455814498904,2.65959065874105
17.7,1.1241911859264,1.23549588703071,2.79311023681462
17.8,1.2492873814908,1.25971759616016,2.92447622107252
17.9,1.37467868941707,1.23912655720805,3.052564354041
18,1.49544907404333,1.1661095820757,3.17624876154582
18.1,1.60629587842322,1.03544526796194,3.29440826473481
18.2,1.70101777801358,0.849090051441681,3.40593269609766
18.3,1.77434688921859,0.615582649924733,3.50972918722813
18.4,1.82270758293982,0.349830522141331,3.60472839617127
18.5,1.84390846640979,0.0738936934729206,3.68989064245498
18.6,1.83797468876894,-0.187479886726651,3.76421191832091
18.7,1.80758548023672,-0.412509494868085,3.82672974524177
18.8,1.75726030033713,-0.58440643464996,3.87652884553775
18.9,1.69277562374398,-0.694410848339049,3.91274659978078
19,1.6204404098931,-0.741780588307422,3.93457826169768
19.1,1.54635111816058,-0.731422477285451,3.94128190344588
19.2,1.47575712655824,-0.673085946357273,3.93218306543437
19.3,1.41290132348057,-0.578203446667569,3.90667908628986
19.4,1.36094110941474,-0.458450168739142,3.8642430901177
19.5,1.32170327020213,-0.325433323829578,3.80442760987178
19.6,1.2959551483369,-0.189388544942559,3.72686782741768
19.7,1.28360558260787,-0.0593357399037903,3.63128441274233
19.8,1.28365179168682,0.0569733848630964,3.51748594672016
19.9,1.29435580603509,0.153053068994424,3.38537091388173
20,1.31340193866733,0.223317141214097,3.23492925373641
20.1,1.33800917511389,0.263615374070913,3.06624346136423
20.2,1.36507140732099,0.271313728578526,2.87948923020438
20.3,1.39119670627465,0.245352573777772,2.67493563221724
20.4,1.4130198726327,0.186582238832008,2.45294483287258
20.5,1.42749524176706,0.0976474558602803,2.21397134070755
20.6,1.43192313791129,-0.0168281333165958,1.95856079349274
20.7,1.42385126281228,-0.149551438086012,1.68734828533219
20.8,1.40165362711453,-0.293706466125899,1.40105624129205
20.9,1.36460027293622,-0.443320851133266,1.10049184839151
21,1.31271902002592,-0.593035817625339,0.786544053988309
21.1,1.24614196547973,-0.737745391987119,0.460180144737609
21.2,1.16546385197821,-0.874898418407581,0.122441921387959
21.3,1.07141975496231,-1.00421295011783,-0.225558513309777
21.4,0.964783744302385,-1.12746866300617,-0.582643334374606
21.5,0.845996116154045,-1.24805769702081,-0.947573921004294
21.6,0.715104514711841,-1.37054626984461,-1.3190561068396
21.7,0.571672668240919,-1.49976416495785,-1.6957457296741
21.8,0.414768453412793,-1.64075111161885,-2.07625445468958
21.9,0.243083234842048,-1.79810679411307,-2.45915584391161
22,0.0545809201896868,-1.97566499246573,-2.84299164332546
22.1,-0.152836752854418,-2.17393708148536,-3.22627825797775
22.2,-0.380888653003164,-2.38877196873094,-3.60751338441609
22.3,-0.630722249585536,-2.6110354267855,-3.985182768996
22.4,-0.902214401159213,-2.8204825662414,-4.35776705991252
22.5,-1.19308337698656,-2.98166805955009,-4.72374872029874
22.6,-1.49578085600369,-3.04573394577047,-5.08161896937704
22.7,-1.7972161599329,-2.95046235119791,-5.42988471845141
22.8,-2.07910187569008,-2.6315089550751,-5.76707546849532
22.9,-2.31545810841316,-2.05733228560565,-6.09175013621505
23,-2.48207636503421,-1.25213302408223,-6.40250377575684
23.1,-2.56081951273436,-0.309857554446432,-6.69797416367387
23.2,-2.54477701616832,0.611010328867301,-6.97684821537353
23.3,-2.44435017741122,1.35857633322962,-7.23786820202711
23.4,-2.28232661156872,1.8311663482068,-7.47983773783422
23.5,-2.0880633491881,2.00527756560192,-7.70162750859334
23.6,-1.89015105044008,1.91414921035645,-7.90218071373021
23.7,-1.71187287147336,1.62266481285014,-8.08051819527186
23.8,-1.57007834807081,1.19653709168469,-8.23574322872006
23.9,-1.47509416320333,0.69462181563027,-8.36704595236667
24,-1.4321074479934,0.162641337085335,-8.47370741329664
24.1,-1.44233314503771,-0.361795717651847,-8.55510321013447
24.2,-1.50317709345055,-0.846056144009388,-8.61070671449771
24.3,-1.60906936197591,-1.25639267405221,-8.64009185511823
24.4,-1.7508530463447,-1.55722551923915,-8.64293545066676
24.5,-1.91579643373859,-1.71113226164539,-8.61901907946132
24.6,-2.08696676637002,-1.68188946621376,-8.56823047644291
24.7,-2.24538030116137,-1.45058875592655,-8.49056445005266
24.8,-2.37150546962895,-1.02649564081235,-8.38612331393245
24.9,-2.44671293806562,-0.466143904677056,-8.2551168306847
25,-2.46170896385786,0.155307430267862,-8.09786166725489
25.1,-2.41610747507043,0.743393113388361,-7.91478036383209
25.2,-2.31724114465596,1.20672399807483,-7.70639982048597
25.3,-2.18049236577243,1.4973030220938,-7.47334930806296
25.4,-2.02386801328553,1.60644443501328,-7.21635801213757
25.5,-1.86442153685609,1.55874404711062,-6.93625212104704
25.6,-1.71602909615944,1.39326534955583,-6.63395147121682
25.7,-1.58827476135159,1.15280593155676,-6.3104657651011
25.8,-1.48659505671103,0.875244042928271,-5.96689037910589
25.9,-1.41337276513841,0.590636795198855,-5.60440178082172
26,-1.36802715741915,0.32267606068561,-5.22425257676128
26.1,-1.34781745451803,0.0882991722976125,-4.82776621356169
26.2,-1.34879904095755,-0.0998972784478109,-4.41633135726693
26.3,-1.36594087871429,-0.232864263042966,-3.99139597684277
26.4,-1.39340046141562,-0.305277149753322,-3.55446115948626
26.5,-1.42493209535931,-0.314539283945285,-3.10707468657153
26.6,-1.45420796754556,-0.261576285449395,-2.65082440021123
26.7,-1.47538295198975,-0.150527200856219,-2.18733139140845
26.8,-1.48302297668929,0.00918716766570396,-1.71824304161923
26.9,-1.47256935467863,0.204628815272705,-1.24522595023745
27,-1.4410580619535,0.4237884142804,-0.769958781049429
27.1,-1.38705930990869,0.655418857530528,-0.294125061081295
27.2,-1.30990799186719,0.887071560873095,0.180594034522882
27.3,-1.20998728245592,1.11036668352425,0.652526877901487
27.4,-1.08824089338313,1.32176797084283,1.12001853057367
27.5,-0.945956639695034,1.52197132510124,1.58143779892577
27.6,-0.784050169140042,1.71552228812948,2.0351841702089
27.7,-0.602816794148037,1.9096262222307,2.47969459676064
27.8,-0.401867183573921,2.11125541963362,2.91345009690925
27.9,-0.180111421350209,2.32697973162325,3.3349821419174
28,0.0639183256947737,2.56097436752348,3.74287879936629
28.1,0.332514836705259,2.81244500230742,4.13579060456904
28.2,0.626826875444452,3.06872589066277,4.51243613292571
28.3,0.945667655999243,3.30162289601335,4.87160724758592
28.4,1.28528060111755,3.46850377617664,5.21217399836198
28.5,1.63475036432358,3.48830359133516,5.53308914952692
28.6,1.97483833765154,3.27421643233283,5.83339231593096
28.7,2.27924938001225,2.75983458825345,6.11221368876657
28.8,2.5159825372638,1.91509584654194,6.36877733429823
28.9,2.65402529405376,0.821545270685152,6.60240405093822
29,2.67734542163846,-0.3499854306627,6.8125137721835
29.1,2.58896753054983,-1.38026988830613,6.99862750512236
29.2,2.41156741187685,-2.10209840217201,7.1603687964597
29.3,2.18077150751025,-2.45217788301719,7.29746472028861
29.4,1.93260045932268,-2.46023393375703,7.4097463841395
29.5,1.69737456132043,-2.20795490223942,7.49714895215727
29.6,1.49675136398379,-1.78340284232985,7.55971118657929
29.7,1.34385206389909,-1.26176007521729,7.59757451100167
29.8,1.24577605610002,-0.696530689318593,7.61098160121661
29.9,1.20471647293381,-0.127511755424597,7.60027451166932
30,1.21938625300117,0.417324570891217,7.56589234780668
30.1,1.28640799618619,0.912476305761744,7.50836849676216
30.2,1.3994958037113,1.33197019326008,7.4283274309303
30.3,1.54961636861131,1.64867970217775,7.32648110102152
30.4,1.72477063910424,1.82756409231989,7.20362493714076
30.5,1.90932482353197,1.83465107534019,7.06063347829549
30.6,2.0854343369819,1.64307214049899,6.89845565249901
30.7,2.23303992644627,1.25397017352076,6.71810973128509
30.8,2.33217255658786,0.714581826535401,6.52067798398285
30.9,2.37120499727649,0.0819119198098948,6.30730105850837
31,2.34642145312282,-0.56913200856918,6.07917211670523
31.1,2.26041293071565,-1.1294023775453,5.83753075340306
31.2,2.12573696832493,-1.53332868616262,5.58365672935768
31.3,1.95971701916412,-1.75754779764529,5.31886354908193
31.4,1.77987005306701,-1.81387209724922,5.04449191526849
31.5,1.60133426118783,-1.73750048263303,4.76190309204483
31.6,1.43546273867007,-1.56821684427348,4.47247220967876
31.7,1.28951576166389,-1.34446334215356,4.17758154357258
31.8,1.16734131742515,-1.09590138312611,3.8786138004423
31.9,1.07037823070054,-0.844602356826855,3.57694544447596
32,0.998043105094871,-0.606216445679781,3.27394009600145
32.1,0.948451092541755,-0.390590532074643,2.97094203477226
32.2,0.918962740189185,-0.203880938296054,2.66926983940061
32.3,0.906510537118672,-0.0502235783311717,2.370210193734
32.4,0.907721178115996,0.0680906326253419,2.0750118900878
32.5,0.918987053896348,0.150409273029486,1.78488005821779
32.6,0.936725510666258,0.196836285436662,1.50097064774617
32.7,0.957287125757505,0.208706689131948,1.22438519044959
32.8,0.977308511412808,0.187911220096035,0.956165867385991
32.9,0.993743277912307,0.136825458197815,0.697290904280239
33,1.00377711119982,0.0591465402665028,0.448670316923528
33.1,1.00490507750623,-0.0400442717431579,0.211142026565881
33.2,0.99520638228201,-0.155617508421099,-0.0145316365871744
33.3,0.973356790117203,-0.282386122108688,-0.227667025619772
33.4,0.938511128487634,-0.415076580407744,-0.427661850774009
33.5,0.890320722081784,-0.548892146272218,-0.613997422923298
33.6,0.828834910058042,-0.680127077639139,-0.786240456793136
33.7,0.754453494551894,-0.806197966930318,-0.944044426276458
33.8,0.667797716627651,-0.925454169782556,-1.08715046643193
33.9,0.569564093726328,-1.03787350431965,-1.21538781902005
34,0.460422835646349,-1.14398110288255,-1.32867382070972
34.1,0.340970853998682,-1.24439737931012,-1.4270134353706
34.2,0.211731762206846,-1.33983802893918,-1.51049833413768
34.3,0.0731681648541977,-1.43108189040008,-1.57930552918668
34.4,-0.0740681375034032,-1.51760154449391,-1.63369556937977
34.5,-0.229844841547219,-1.59802954040621,-1.67401030811836
34.6,-0.393597669379304,-1.66921279200976,-1.7006702558659
34.7,-0.563937857736075,-1.72551462137089,-1.71417153186436
34.8,-0.738652157988296,-1.75881475874943,-1.71508243155671
34.9,-0.914702836141126,-1.75850934259875,-1.70403962813197
35,-1.08822767283405,-1.71151091956576,-1.68174402842133
35.1,-1.25449301989504,-1.60289789424779,-1.64895630508423
35.2,-1.40668261396894,-1.42311744390655,-1.60649212862279
35.3,-1.53679632979427,-1.16917778960103,-1.55521712424594
35.4,-1.63787334142409,-0.84654799137746,-1.49604157996073
35.5,-1.70409117065415,-0.470370610545941,-1.42991493349384
35.6,-1.73116331330291,-0.0688154292311326,-1.35782006673328
35.7,-1.71803814438987,0.325901600898005,-1.28076743732419
35.8,-1.66715684234123,0.683209441502681,-1.19978907784888
35.9,-1.58348600614009,0.979124841298438,-1.11593249366508
36,-1.47380592664999,1.20114141694612,-1.03025449096688
36.1,-1.3457184509303,1.34824566816149,-0.943814966963439
36.2,-1.20642942231131,1.42740609409151,-0.857670694245457
36.3,-1.06211511659951,1.45082589125382,-0.772869131421686
36.4,-0.917651201678899,1.43277626025724,-0.690442291962238
36.5,-0.776506631707106,1.38597503607949,-0.611400702879933
36.6,-0.641037043996297,1.32129467679891,-0.536727484418296
36.7,-0.512575712952748,1.24738145312744,-0.467372581296997
36.8,-0.391719456734939,1.16995766170428,-0.404247175295048
36.9,-0.278574425452161,1.0925803177858,-0.348218308034524
37,-0.173062955448306,1.0174964130533,-0.300103741764636
37.1,-0.0749474250370592,0.945661490075769,-0.260667084745942
37.2,0.0161430356577562,0.876844176781897,-0.230613206501075
37.3,0.10047633008306,0.810384887468584,-0.210583966739258
37.4,0.17823563023894,0.745124003860389,-0.201154280183983
37.5,0.249486888253024,0.679826612130667,-0.202828537844238
37.6,0.314165431867931,0.613253922192974,-0.216037403478353
37.7,0.372075964441262,0.544163267701066,-0.241135002113843
37.8,0.422893340089909,0.471306864315681,-0.27839651551731
37.9,0.466225907925373,0.393496238832827,-0.328016197463572
38,0.501528005827289,0.310239071592707,-0.390105819544055
38.1,0.528196982493255,0.221342303438329,-0.464693556091287
38.2,0.545647394320206,0.126707581385831,-0.551723314589077
38.3,0.553311005404415,0.0263312586244979,-0.651054515698511
38.4,0.550636787541491,-0.0796956054832734,-0.762462324768634
38.5,0.537090920226376,-0.19118724540193,-0.88563833442903
38.6,0.512156790653353,-0.307863189422792,-1.02019169559075
38.7,0.475370526655921,-0.429339288703691,-1.16565069192319
38.8,0.426338614928494,-0.555508822789357,-1.32146475063881
38.9,0.364452251966725,-0.686760461540482,-1.48700688021648
39,0.28909708597877,-0.823448091112581,-1.66157652353755
39.1,0.199677291260773,-0.965857461129524,-1.84440281280885
39.2,0.0956155681968735,-1.11420618468353,-2.03464821061181
39.3,-0.0236468567407846,-1.26864373833517,-2.23141251945974
39.4,-0.158650230992089,-1.42925146211338,-2.43373724037237
39.5,-0.309904942121317,-1.59596967618374,-2.64061025920045
39.6,-0.477695542865758,-1.76493369045888,-2.8509708377603
39.7,-0.66242150595353,-1.92865941505701,-3.06371488527756
39.8,-0.863031297059093,-2.0749050904961,-3.27770048419911
39.9,-1.07656814669043,-2.18524853320355,-3.49175364311909
40,-1.29817318388134,-2.23510009098214,-3.70467424838545
40.1,-1.52100814657294,-2.19571019081723,-3.91524218491377
40.2,-1.73371115410177,-2.03580311957786,-4.1222235958408
40.3,-1.92319013613083,-1.73689590308264,-4.32437724990375
40.4,-2.07603036292958,-1.2987080074015,-4.52046098484023
40.5,-2.17935147038585,-0.750440861780726,-4.70923819466659
40.6,-2.22444207845488,-0.152984812556132,-4.88948432841523
40.7,-2.21061055944479,0.419600062276063,-5.05999336779312
40.8,-2.14393373352582,0.893618996329146,-5.2195842512663
40.9,-2.03678921714536,1.21993247888406,-5.36710721227834
41,-1.90535188688859,1.38109950889265,-5.50144999967251
41.1,-1.76582069328672,1.38560446156318,-5.62154394890833
41.2,-1.63250997174846,1.26084278696044,-5.72636987333818
41.3,-1.51686663776028,1.03904741486683,-5.81496374563748
41.4,-1.42685363478453,0.75323740416207,-5.88642214045797
41.5,-1.36733930502426,0.43182753458206,-5.93990741049255
41.6,-1.34084731104765,0.0986758841252491,-5.97465256939804
41.7,-1.34738581669533,-0.225614181086429,-5.98996585641089
41.8,-1.38509068025648,-0.522997819687236,-5.98523495900628
41.9,-1.45047267460211,-0.775505135480419,-5.95993087158271
42,-1.53816798312427,-0.96611107342127,-5.91361136989755
42.1,-1.64119358524253,-1.07829016983775,-5.84592408282213
42.2,-1.75071941626809,-1.09661716318027,-5.75660914492222
42.3,-1.85700013159733,-1.01227582344095,-5.64550141538914
42.4,-1.95019102311934,-0.824524778676494,-5.51253225093913
42.5,-2.01974588938244,-0.549884294592407,-5.3577308224558
42.6,-2.05787526223828,-0.214587849141826,-5.18122496735752
42.7,-2.06095910015995,0.14919713607447,-4.9832415719233
42.8,-2.02826815925518,0.499992625679422,-4.76410648009068
42.9,-1.96266534998024,0.800379191163906,-4.52424392754081
43,-1.87057906969439,1.02748257932952,-4.26417550219443
43.1,-1.75992614130713,1.17216144316968,-3.98451863454912
43.2,-1.63878536296037,1.23836495949603,-3.68598462358032
43.3,-1.51439037329308,1.23964064178903,-3.36937620619509
43.4,-1.39245249460351,1.19285911172853,-3.03558468045854
43.5,-1.27683961746508,1.11614294740989,-2.68558659499538
43.6,-1.16967280606338,1.02580054878533,-2.32044001909425
43.7,-1.07165051467799,0.934976119448878,-1.94128041009857
43.8,-0.98234219929536,0.854132870720886,-1.54931609664652
43.9,-0.900286399237267,0.791085450035201,-1.1458233982114
44,-0.823425439601456,0.751134962280206,-0.732141403186722
44.1,-0.749237244215347,0.73710442317147,-0.309666429445843
44.2,-0.675030260953998,0.751063861809336,0.120153807122622
44.3,-0.59797523848734,0.794462559057601,0.555826289152753
44.4,-0.515105226280154,0.868129047543523,0.995819031143526
44.5,-0.423361262221745,0.972181002954595,1.43856762014999
44.6,-0.319726546971095,1.10618137201447,1.88248193332939
44.7,-0.201173046440114,1.26969188542567,2.32595300095009
44.8,-0.0648011044657547,1.46182652017827,2.76735998272925
44.9,0.092151386090623,1.68122421496963,3.20507722477631
45,0.271906458637302,1.92490979360798,3.63748136398737
45.1,0.476928461976478,2.1874136102959,4.06295844646701
45.2,0.709431186094926,2.45720295424392,4.47991102644275
45.3,0.96855031551609,2.71011522628551,4.88676521219241
45.4,1.25026823655097,2.90918614652489,5.28197762571792
45.5,1.54787751507004,3.0086851176432,5.664042243276
45.6,1.84713381354626,2.93607797786857,6.03149708441115
45.7,2.12649170840628,2.6230341195102,6.38293071782744
45.8,2.36186689525043,2.04507083517954,6.71698855328151
45.9,2.52734219207106,1.22520053223293,7.03237888967264
46,2.60261847833458,0.270465343944184,7.32787869064517
46.1,2.5821521568018,-0.658667101794917,7.60233906029602
46.2,2.47707556280434,-1.40307033537375,7.8546903929908
46.3,2.31116958689464,-1.86096380539887,8.08394717282837
46.4,2.11505167488182,-2.01186939293691,8.28921239994955
46.5,1.91780028471633,-1.89384029999618,8.46968162265045
46.6,1.74292376478717,-1.57530686107811,8.62464655612978
46.7,1.60712704798427,-1.12530271176218,8.75349827065955
46.8,1.52016481576467,-0.604934033296506,8.85572993401308
46.9,1.48684183370367,-0.0616169111492055,8.93093909510208
47,1.50733778023159,0.464827720571968,8.97882949795551
47.1,1.57809600892248,0.939160793404424,8.99921241740705
47.2,1.69221087068804,1.32471215832082,8.99200751013348
47.3,1.83897414697147,1.58459465375779,8.9572431769928
47.4,2.00373351996936,1.67979076652855,8.89505643493745
47.5,2.16832712815356,1.58006273125279,8.80569229911223
47.6,2.31330936714019,1.27517165265142,8.68950267807829
47.7,2.41839614551822,0.795341371757141,8.54694478742197
47.8,2.46830541283484,0.205039508635263,8.37857908929905
47.9,2.45759673297277,-0.412171465544911,8.18506676772002
48,2.38829564302507,-0.954380152134769,7.96716675159013
48.1,2.27166120574904,-1.34851387619098,7.72573229966657
48.2,2.124589035557,-1.56275463312949,7.46170716367657
48.3,1.96493320971307,-1.6033797817086,7.17612134784149
48.4,1.80858559382707,-1.50294483559512,6.87008648496573
48.5,1.66768838451557,-1.30265601975095,6.5447908510648
48.6,1.54993141757486,-1.04439981383917,6.20149404221587
48.7,1.45949245796535,-0.762190377422295,5.84152133890842
48.8,1.39743664936741,-0.483525735998267,5.46625778464454
48.9,1.36208369268389,-0.228881797880481,5.07714200687995
49,1.35033241462767,-0.0129066871995322,4.67565980960362
49.1,1.35781382949168,0.153353956392406,4.26333756791666
49.2,1.37915875192474,0.262979477208753,3.8417354558892
49.3,1.40845531293739,0.311914258535172,3.41244053973874
49.4,1.43948564579789,0.299088093588863,2.9770597689837
49.5,1.4662782409265,0.226832058933388,2.53721289867869
49.6,1.48331983341434,0.101157493691452,2.09452537612917
49.7,1.48547617040696,-0.0661670715576099,1.65062122561454
49.8,1.46903079181847,-0.263148723289999,1.20711596461624
49.9,1.43184966265934,-0.478482850719107,0.765609584854416
50,1.37292331867267,-0.699876734265409,0.327679631082356
